temp_c,vout_nom,vout_lo,vout_hi,n_corners,engine
-40.0,4.97687181497452,4.849951,5.149948,16,ngspice
-20.0,4.988631909055272,4.849951,5.149948,16,ngspice
0.0,4.998039984319874,4.849951,5.149948,16,ngspice
20.0,4.999607996863975,4.849951,5.149948,16,ngspice
25.0,5.0,4.924951,5.074949,16,ngspice
40.0,5.001176009408075,4.849951,5.149948,16,ngspice
60.0,4.998823990591925,4.849951,5.149948,16,ngspice
80.0,4.992551940415523,4.849951,5.149948,16,ngspice
85.0,4.990983927871423,4.849951,5.149948,16,ngspice
100.0,4.986279890239122,4.849951,5.149948,16,ngspice
120.0,4.98000784006272,4.849951,5.149948,16,ngspice
125.0,4.97843982751862,4.849951,5.149948,16,ngspice
