temp_c,vadj_typ,r1,r2,vout,vout_wc_lo,vout_wc_hi,vdo_typ,vdo_wc,ignd_typ,ignd_max,p_diss,tj_c,efficiency
-40.0,4.97687181497452,0.0,993500000000.0,4.97687181497452,4.85,5.15,0.209,0.55,0.0018,0.0033,0.372756409251274,-25.08974362994904,0.4003275269445399
-20.0,4.988631909055272,0.0,995500000000.0,4.988631909055272,4.85,5.15,0.237,0.55,0.0018,0.0033,0.37216840454723643,-5.113263818110543,0.4012734804581139
0.0,4.998039984319874,0.0,997500000000.0,4.998039984319874,4.85,5.15,0.265,0.55,0.0018,0.0033,0.37169800078400633,14.867920031360253,0.40203024326897313
20.0,4.999607996863975,0.0,999500000000.0,4.999607996863975,4.85,5.15,0.293,0.55,0.0018,0.0033,0.3716196001568013,34.86478400627205,0.4021563704041164
25.0,5.0,0.0,1000000000000.0,5.0,4.925,5.075,0.3,0.55,0.0018,0.0033,0.37160000000000004,39.864000000000004,0.4021879021879022
40.0,5.001176009408075,0.0,1001500000000.0,5.001176009408075,4.85,5.15,0.321,0.55,0.0018,0.0033,0.37154119952959624,54.86164798118385,0.4022824975392596
60.0,4.998823990591925,0.0,1003500000000.0,4.998823990591925,4.85,5.15,0.349,0.55,0.0018,0.0033,0.3716588004704038,74.86635201881614,0.4020933068365448
80.0,4.992551940415523,0.0,1005500000000.0,4.992551940415523,4.85,5.15,0.377,0.55,0.0018,0.0033,0.3719724029792239,94.87889611916896,0.40158879829597194
85.0,4.990983927871423,0.0,1006000000000.0,4.990983927871423,4.85,5.15,0.384,0.55,0.0018,0.0033,0.3720508036064289,99.88203214425715,0.4014626711608288
100.0,4.986279890239122,0.0,1007500000000.0001,4.986279890239122,4.85,5.15,0.40499999999999997,0.55,0.0018,0.0033,0.3722860054880439,114.89144021952175,0.40108428975539917
120.0,4.98000784006272,0.0,1009500000000.0001,4.98000784006272,4.85,5.15,0.433,0.55,0.0018,0.0033,0.37259960799686404,134.90398431987455,0.4005797812148263
125.0,4.97843982751862,0.0,1010000000000.0,4.97843982751862,4.85,5.15,0.43999999999999995,0.55,0.0018,0.0033,0.372678008624069,139.90712034496275,0.40045365407968303
